TARGET_FID,n_pontos_pareados,pct_pontos
year,50000,100.0
0,50000,100.0
1,50000,100.0
10,50000,100.0
100,50000,100.0
101,50000,100.0
102,50000,100.0
103,50000,100.0
104,50000,100.0
105,50000,100.0
106,50000,100.0
107,50000,100.0
108,50000,100.0
109,50000,100.0
11,50000,100.0
110,50000,100.0
111,50000,100.0
112,50000,100.0
113,50000,100.0
114,50000,100.0
115,50000,100.0
116,50000,100.0
117,50000,100.0
118,50000,100.0
119,50000,100.0
12,50000,100.0
120,50000,100.0
121,50000,100.0
122,50000,100.0
123,50000,100.0
124,50000,100.0
125,50000,100.0
126,50000,100.0
127,50000,100.0
128,50000,100.0
129,50000,100.0
13,50000,100.0
130,50000,100.0
131,50000,100.0
132,50000,100.0
133,50000,100.0
134,50000,100.0
135,50000,100.0
136,50000,100.0
137,50000,100.0
138,50000,100.0
139,50000,100.0
14,50000,100.0
140,50000,100.0
141,50000,100.0
142,50000,100.0
143,50000,100.0
144,50000,100.0
145,50000,100.0
146,50000,100.0
147,50000,100.0
148,50000,100.0
149,50000,100.0
15,50000,100.0
150,50000,100.0
151,50000,100.0
152,50000,100.0
153,50000,100.0
154,50000,100.0
155,50000,100.0
156,50000,100.0
157,50000,100.0
158,50000,100.0
159,50000,100.0
16,50000,100.0
160,50000,100.0
161,50000,100.0
162,50000,100.0
163,50000,100.0
164,50000,100.0
165,50000,100.0
166,50000,100.0
167,50000,100.0
168,50000,100.0
169,50000,100.0
17,50000,100.0
170,50000,100.0
171,50000,100.0
172,50000,100.0
173,50000,100.0
174,50000,100.0
175,50000,100.0
176,50000,100.0
177,50000,100.0
178,50000,100.0
179,50000,100.0
18,50000,100.0
180,50000,100.0
181,50000,100.0
182,50000,100.0
183,50000,100.0
184,50000,100.0
185,50000,100.0
186,50000,100.0
187,50000,100.0
188,50000,100.0
189,50000,100.0
19,50000,100.0
190,50000,100.0
191,50000,100.0
192,50000,100.0
193,50000,100.0
194,50000,100.0
195,50000,100.0
196,50000,100.0
197,50000,100.0
198,50000,100.0
199,50000,100.0
2,50000,100.0
20,50000,100.0
200,50000,100.0
201,50000,100.0
202,50000,100.0
203,50000,100.0
204,50000,100.0
205,50000,100.0
206,50000,100.0
207,50000,100.0
208,50000,100.0
209,50000,100.0
21,50000,100.0
210,50000,100.0
211,50000,100.0
212,50000,100.0
213,50000,100.0
214,50000,100.0
215,50000,100.0
216,50000,100.0
217,50000,100.0
218,50000,100.0
219,50000,100.0
22,50000,100.0
220,50000,100.0
221,50000,100.0
222,50000,100.0
223,50000,100.0
224,50000,100.0
225,50000,100.0
226,50000,100.0
227,50000,100.0
228,50000,100.0
229,50000,100.0
23,50000,100.0
230,50000,100.0
231,50000,100.0
232,50000,100.0
233,50000,100.0
234,50000,100.0
235,50000,100.0
236,50000,100.0
237,50000,100.0
238,50000,100.0
239,50000,100.0
24,50000,100.0
240,50000,100.0
241,50000,100.0
242,50000,100.0
243,50000,100.0
244,50000,100.0
245,50000,100.0
246,50000,100.0
247,50000,100.0
248,50000,100.0
249,50000,100.0
25,50000,100.0
250,50000,100.0
251,50000,100.0
252,50000,100.0
253,50000,100.0
254,50000,100.0
255,50000,100.0
256,50000,100.0
257,50000,100.0
258,50000,100.0
259,50000,100.0
26,50000,100.0
260,50000,100.0
261,50000,100.0
262,50000,100.0
263,50000,100.0
264,50000,100.0
265,50000,100.0
266,50000,100.0
267,50000,100.0
268,50000,100.0
269,50000,100.0
27,50000,100.0
270,50000,100.0
271,50000,100.0
272,50000,100.0
273,50000,100.0
274,50000,100.0
275,50000,100.0
276,50000,100.0
277,50000,100.0
278,50000,100.0
279,50000,100.0
28,50000,100.0
280,50000,100.0
281,50000,100.0
282,50000,100.0
283,50000,100.0
284,50000,100.0
285,50000,100.0
286,50000,100.0
287,50000,100.0
288,50000,100.0
289,50000,100.0
29,50000,100.0
290,50000,100.0
291,50000,100.0
292,50000,100.0
293,50000,100.0
294,50000,100.0
295,50000,100.0
296,50000,100.0
297,50000,100.0
298,50000,100.0
299,50000,100.0
3,50000,100.0
30,50000,100.0
300,50000,100.0
301,50000,100.0
302,50000,100.0
303,50000,100.0
304,50000,100.0
305,50000,100.0
306,50000,100.0
307,50000,100.0
308,50000,100.0
309,50000,100.0
31,50000,100.0
310,50000,100.0
311,50000,100.0
312,50000,100.0
313,50000,100.0
314,50000,100.0
315,50000,100.0
316,50000,100.0
317,50000,100.0
318,50000,100.0
319,50000,100.0
32,50000,100.0
320,50000,100.0
321,50000,100.0
322,50000,100.0
323,50000,100.0
324,50000,100.0
325,50000,100.0
326,50000,100.0
327,50000,100.0
328,50000,100.0
329,50000,100.0
33,50000,100.0
330,50000,100.0
331,50000,100.0
332,50000,100.0
333,50000,100.0
334,50000,100.0
335,50000,100.0
336,50000,100.0
338,50000,100.0
339,50000,100.0
34,50000,100.0
340,50000,100.0
341,50000,100.0
342,50000,100.0
343,50000,100.0
344,50000,100.0
345,50000,100.0
346,50000,100.0
347,50000,100.0
348,50000,100.0
349,50000,100.0
35,50000,100.0
350,50000,100.0
351,50000,100.0
352,50000,100.0
353,50000,100.0
354,50000,100.0
355,50000,100.0
356,50000,100.0
357,50000,100.0
358,50000,100.0
359,50000,100.0
36,50000,100.0
360,50000,100.0
361,50000,100.0
362,50000,100.0
363,50000,100.0
364,50000,100.0
365,50000,100.0
366,50000,100.0
367,50000,100.0
368,50000,100.0
369,50000,100.0
37,50000,100.0
370,50000,100.0
371,50000,100.0
372,50000,100.0
373,50000,100.0
374,50000,100.0
375,50000,100.0
376,50000,100.0
377,50000,100.0
378,50000,100.0
379,50000,100.0
38,50000,100.0
380,50000,100.0
381,50000,100.0
382,50000,100.0
383,50000,100.0
384,50000,100.0
385,50000,100.0
386,50000,100.0
387,50000,100.0
388,50000,100.0
389,50000,100.0
39,50000,100.0
390,50000,100.0
391,50000,100.0
392,50000,100.0
393,50000,100.0
394,50000,100.0
395,50000,100.0
396,50000,100.0
397,50000,100.0
398,50000,100.0
399,50000,100.0
4,50000,100.0
40,50000,100.0
400,50000,100.0
401,50000,100.0
402,50000,100.0
403,50000,100.0
404,50000,100.0
405,50000,100.0
406,50000,100.0
407,50000,100.0
408,50000,100.0
409,50000,100.0
41,50000,100.0
410,50000,100.0
411,50000,100.0
412,50000,100.0
413,50000,100.0
414,50000,100.0
415,50000,100.0
416,50000,100.0
417,50000,100.0
418,50000,100.0
419,50000,100.0
42,50000,100.0
420,50000,100.0
421,50000,100.0
422,50000,100.0
423,50000,100.0
424,50000,100.0
425,50000,100.0
426,50000,100.0
427,50000,100.0
428,50000,100.0
429,50000,100.0
43,50000,100.0
430,50000,100.0
431,50000,100.0
432,50000,100.0
433,50000,100.0
434,50000,100.0
435,50000,100.0
436,50000,100.0
437,50000,100.0
438,50000,100.0
439,50000,100.0
44,50000,100.0
440,50000,100.0
441,50000,100.0
442,50000,100.0
443,50000,100.0
444,50000,100.0
445,50000,100.0
446,50000,100.0
447,50000,100.0
448,50000,100.0
449,50000,100.0
45,50000,100.0
450,50000,100.0
451,50000,100.0
452,50000,100.0
453,50000,100.0
454,50000,100.0
455,50000,100.0
456,50000,100.0
457,50000,100.0
458,50000,100.0
459,50000,100.0
46,50000,100.0
460,50000,100.0
461,50000,100.0
462,50000,100.0
463,50000,100.0
464,50000,100.0
465,50000,100.0
466,50000,100.0
467,50000,100.0
468,50000,100.0
469,50000,100.0
47,50000,100.0
470,50000,100.0
471,50000,100.0
472,50000,100.0
473,50000,100.0
474,50000,100.0
475,50000,100.0
476,50000,100.0
477,50000,100.0
478,50000,100.0
479,50000,100.0
48,50000,100.0
480,50000,100.0
481,50000,100.0
482,50000,100.0
483,50000,100.0
484,50000,100.0
485,50000,100.0
486,50000,100.0
487,50000,100.0
488,50000,100.0
489,50000,100.0
49,50000,100.0
490,50000,100.0
491,50000,100.0
492,50000,100.0
493,50000,100.0
494,50000,100.0
495,50000,100.0
496,50000,100.0
497,50000,100.0
498,50000,100.0
499,50000,100.0
5,50000,100.0
50,50000,100.0
500,50000,100.0
501,50000,100.0
502,50000,100.0
503,50000,100.0
504,50000,100.0
505,50000,100.0
506,50000,100.0
507,50000,100.0
508,50000,100.0
509,50000,100.0
51,50000,100.0
510,50000,100.0
511,50000,100.0
512,50000,100.0
513,50000,100.0
514,50000,100.0
515,50000,100.0
516,50000,100.0
517,50000,100.0
518,50000,100.0
519,50000,100.0
52,50000,100.0
520,50000,100.0
521,50000,100.0
522,50000,100.0
523,50000,100.0
524,50000,100.0
525,50000,100.0
526,50000,100.0
527,50000,100.0
528,50000,100.0
529,50000,100.0
53,50000,100.0
530,50000,100.0
531,50000,100.0
532,50000,100.0
533,50000,100.0
534,50000,100.0
535,50000,100.0
536,50000,100.0
537,50000,100.0
538,50000,100.0
539,50000,100.0
54,50000,100.0
540,50000,100.0
541,50000,100.0
542,50000,100.0
543,50000,100.0
544,50000,100.0
545,50000,100.0
546,50000,100.0
547,50000,100.0
548,50000,100.0
549,50000,100.0
55,50000,100.0
550,50000,100.0
551,50000,100.0
552,50000,100.0
553,50000,100.0
554,50000,100.0
555,50000,100.0
556,50000,100.0
557,50000,100.0
558,50000,100.0
559,50000,100.0
56,50000,100.0
560,50000,100.0
561,50000,100.0
562,50000,100.0
563,50000,100.0
564,50000,100.0
565,50000,100.0
566,50000,100.0
567,50000,100.0
568,50000,100.0
569,50000,100.0
57,50000,100.0
570,50000,100.0
571,50000,100.0
572,50000,100.0
573,50000,100.0
574,50000,100.0
575,50000,100.0
576,50000,100.0
577,50000,100.0
578,50000,100.0
579,50000,100.0
58,50000,100.0
580,50000,100.0
581,50000,100.0
582,50000,100.0
583,50000,100.0
584,50000,100.0
585,50000,100.0
586,50000,100.0
587,50000,100.0
588,50000,100.0
589,50000,100.0
59,50000,100.0
590,50000,100.0
591,50000,100.0
592,50000,100.0
593,50000,100.0
594,50000,100.0
595,50000,100.0
596,50000,100.0
597,50000,100.0
598,50000,100.0
599,50000,100.0
6,50000,100.0
60,50000,100.0
600,50000,100.0
601,50000,100.0
602,50000,100.0
603,50000,100.0
604,50000,100.0
605,50000,100.0
606,50000,100.0
607,50000,100.0
608,50000,100.0
609,50000,100.0
61,50000,100.0
610,50000,100.0
611,50000,100.0
612,50000,100.0
613,50000,100.0
614,50000,100.0
615,50000,100.0
616,50000,100.0
617,50000,100.0
618,50000,100.0
619,50000,100.0
62,50000,100.0
620,50000,100.0
621,50000,100.0
622,50000,100.0
623,50000,100.0
624,50000,100.0
625,50000,100.0
626,50000,100.0
627,50000,100.0
628,50000,100.0
629,50000,100.0
63,50000,100.0
630,50000,100.0
631,50000,100.0
632,50000,100.0
633,50000,100.0
634,50000,100.0
635,50000,100.0
636,50000,100.0
637,50000,100.0
638,50000,100.0
639,50000,100.0
64,50000,100.0
640,50000,100.0
641,50000,100.0
642,50000,100.0
643,50000,100.0
644,50000,100.0
645,50000,100.0
646,50000,100.0
647,50000,100.0
648,50000,100.0
649,50000,100.0
65,50000,100.0
650,50000,100.0
651,50000,100.0
652,50000,100.0
653,50000,100.0
654,50000,100.0
655,50000,100.0
656,50000,100.0
657,50000,100.0
658,50000,100.0
659,50000,100.0
66,50000,100.0
660,50000,100.0
661,50000,100.0
662,50000,100.0
663,50000,100.0
664,50000,100.0
665,50000,100.0
666,50000,100.0
667,50000,100.0
668,50000,100.0
669,50000,100.0
67,50000,100.0
670,50000,100.0
671,50000,100.0
672,50000,100.0
673,50000,100.0
674,50000,100.0
675,50000,100.0
676,50000,100.0
677,50000,100.0
678,50000,100.0
679,50000,100.0
68,50000,100.0
680,50000,100.0
681,50000,100.0
682,50000,100.0
683,50000,100.0
684,50000,100.0
685,50000,100.0
686,50000,100.0
687,50000,100.0
688,50000,100.0
689,50000,100.0
69,50000,100.0
690,50000,100.0
691,50000,100.0
692,50000,100.0
693,50000,100.0
694,50000,100.0
695,50000,100.0
696,50000,100.0
697,50000,100.0
698,50000,100.0
699,50000,100.0
7,50000,100.0
70,50000,100.0
700,50000,100.0
701,50000,100.0
71,50000,100.0
72,50000,100.0
73,50000,100.0
74,50000,100.0
75,50000,100.0
76,50000,100.0
77,50000,100.0
78,50000,100.0
79,50000,100.0
8,50000,100.0
80,50000,100.0
81,50000,100.0
82,50000,100.0
83,50000,100.0
84,50000,100.0
85,50000,100.0
86,50000,100.0
87,50000,100.0
88,50000,100.0
89,50000,100.0
9,50000,100.0
90,50000,100.0
91,50000,100.0
92,50000,100.0
93,50000,100.0
94,50000,100.0
95,50000,100.0
96,50000,100.0
97,50000,100.0
98,50000,100.0
99,50000,100.0
